Title of Show,Date,Day of Week
The Carrie Diaries: Season 1: Lie with Me,8/3/2015,2
The Carrie Diaries: Season 1: Pilot,8/3/2015,2
"The Carrie Diaries: Season 2: Win Some, Lose Some",8/4/2015,3
The Carrie Diaries: Season 1: Kiss Yesterday Goodbye,8/4/2015,3
The Carrie Diaries: Season 1: A First Time for Everything,8/4/2015,3
The Carrie Diaries: Season 1: Identity Crisis,8/4/2015,3
The Carrie Diaries: Season 1: The Long and Winding Road Not Taken,8/4/2015,3
The Carrie Diaries: Season 1: The Great Unknown,8/4/2015,3
The Carrie Diaries: Season 1: Hush Hush,8/4/2015,3
The Carrie Diaries: Season 1: Caught,8/4/2015,3
The Carrie Diaries: Season 1: Endgame,8/4/2015,3
The Carrie Diaries: Season 1: Dangerous Territory,8/4/2015,3
The Carrie Diaries: Season 1: Fright Night,8/4/2015,3
The Carrie Diaries: Season 1: Read Before Use,8/4/2015,3
The Carrie Diaries: Season 2: This is the Time,8/5/2015,4
The Carrie Diaries: Season 2: Hungry Like the Wolf,8/5/2015,4
The Carrie Diaries: Season 2: Date Expectations,8/5/2015,4
The Carrie Diaries: Season 2: Under Pressure,8/5/2015,4
The Carrie Diaries: Season 2: The Second Time Around,8/5/2015,4
The Carrie Diaries: Season 2: I Heard Rumor,8/5/2015,4
Mako Mermaids: An H2O Adventure: Season 1: Outcasts,8/5/2015,4
The Carrie Diaries: Season 2: The Safety Dance,8/5/2015,4
The Carrie Diaries: Season 2: Too Close For Comfort,8/5/2015,4
The Carrie Diaries: Season 2: Borderline,8/5/2015,4
The Carrie Diaries: Season 2: Strings Attached,8/5/2015,4
The Carrie Diaries: Season 2: Express Yourself,8/5/2015,4
The Carrie Diaries: Season 2: Run to You,8/6/2015,5
The Sparticle Mystery: Season 1: The Disappearance,8/7/2015,6
Zoom: Academy for Superheroes,8/7/2015,6
The Sparticle Mystery: Season 1: The Invasion,8/8/2015,7
The Sparticle Mystery: Season 1: The Sparticle Project,8/10/2015,2
Project McÂ²: Part 1: Smart is the New Cool,8/11/2015,3
Gilmore Girls: Season 1: Pilot,8/12/2015,4
The Secret Circle: Season 1: Family,8/13/2015,5
Gilmore Girls: Season 7: Bon Voyage,8/14/2015,6
Friends: Season 2: The One with Phoebe's Dad,8/17/2015,2
Friends: Season 2: The One with the List,8/17/2015,2
Friends: Season 2: The One Where Ross Finds Out,8/17/2015,2
Friends: Season 2: The One with the Baby on the Bus,8/17/2015,2
Friends: Season 2: The One with Five Steaks and an Eggplant,8/17/2015,2
Friends: Season 2: The One with Phoebe's Husband,8/17/2015,2
Friends: Season 2: The One Where Heckles Dies,8/17/2015,2
Friends: Season 2: The One with the Breast Milk,8/17/2015,2
Friends: Season 2: The One with Ross's New Girlfriend,8/17/2015,2
Friends: Season 1: The One Where Rachel Finds Out,8/17/2015,2
Friends: Season 1: The One with the Birth,8/17/2015,2
Friends: Season 1: The One with the Ick Factor,8/17/2015,2
Friends: Season 2: The One Where Dr. Ramoray Dies,8/18/2015,3
Friends: Season 2: The One Where Eddie Moves In,8/18/2015,3
Friends: Season 2: The One Where Joey Moves Out,8/18/2015,3
Friends: Season 2: The One Where Ross and Rachel...You Know,8/18/2015,3
Friends: Season 2: The One with the Prom Video,8/18/2015,3
Friends: Season 2: The One After the Super Bowl: Part 2,8/18/2015,3
Friends: Season 2: The One After the Super Bowl: Part 1,8/18/2015,3
Friends: Season 2: The One with the Lesbian Wedding,8/18/2015,3
Friends: Season 2: The One with Russ,8/18/2015,3
Friends: Season 3: The One with the Princess Leia Fantasy,8/19/2015,4
Friends: Season 2: The One with Barry and Mindy's Wedding,8/19/2015,4
Friends: Season 2: The One with the Chicken Pox,8/19/2015,4
Friends: Season 2: The One with the Two Parties,8/19/2015,4
Friends: Season 2: The One with the Bullies,8/19/2015,4
Friends: Season 2: The One Where Old Yeller Dies,8/19/2015,4
Friends: Season 2: The One Where Eddie Won't Go,8/19/2015,4
Friends: Season 3: The One with the Metaphorical Tunnel,8/20/2015,5
Friends: Season 3: The One with the Jam,8/20/2015,5
Friends: Season 3: The One Where No One's Ready,8/20/2015,5
If I Stay,8/20/2015,5
Friends: Season 3: The One with the Dollhouse,8/21/2015,6
Friends: Season 3: The One with the Tiny T-Shirt,8/21/2015,6
Friends: Season 3: The One with the Hypnosis Tape,8/21/2015,6
Friends: Season 3: The One Without the Ski Trip,8/21/2015,6
Friends: Season 3: The One The Morning After,8/21/2015,6
Friends: Season 3: The One Where Ross & Rachel Take a Break,8/21/2015,6
Friends: Season 3: The One with All the Jealousy,8/21/2015,6
Friends: Season 3: The One Where Chandler Can't Remember Which Sister,8/21/2015,6
Friends: Season 3: The One Where Rachel Quits,8/21/2015,6
Friends: Season 3: The One with the Football,8/21/2015,6
Friends: Season 3: The One with the Giant Poking Device,8/21/2015,6
Friends: Season 3: The One with the Race Car Bed,8/21/2015,6
Friends: Season 3: The One with the Flashback,8/21/2015,6
Friends: Season 3: The One with Frank Jr,8/21/2015,6
Friends: Season 4: The One with the Cat,8/22/2015,7
Friends: Season 4: The One with the Jellyfish,8/22/2015,7
Friends: Season 3: The One at the Beach,8/22/2015,7
Friends: Season 3: The One with the Ultimate Fighting Champion,8/22/2015,7
Friends: Season 3: The One with Ross's Thing,8/22/2015,7
Friends: Season 3: The One with the Screamer,8/22/2015,7
Friends: Season 3: The One with a Chick. And a Duck,8/22/2015,7
Friends: Season 4: The One Where Chandler Crosses the Line,8/24/2015,2
Friends: Season 4: The One with the Dirty Girl,8/24/2015,2
Friends: Season 4: The One with Joey's New Girlfriend,8/24/2015,2
Friends: Season 4: The One with the Ballroom Dancing,8/24/2015,2
Friends: Season 4: The One with the 'Cuffs,8/24/2015,2
Friends: Season 4: The One Where They're Going to Party,8/26/2015,4
Friends: Season 4: The One with Chandler in a Box,8/26/2015,4
Friends: Season 4: The One with Rachel's Crush,8/27/2015,5
Friends: Season 4: The One with the Embryos,8/27/2015,5
Friends: Season 4: The One with Phoebe's Uterus,8/27/2015,5
Friends: Season 4: The One with the Girl from Poughkeepsie,8/27/2015,5
Friends: Season 4: The One with the Free Porn,8/28/2015,6
Friends: Season 4: The One with the Fake Party,8/28/2015,6
Friends: Season 4: The One with All the Rugby,8/28/2015,6
Friends: Season 4: The One with Joey's Dirty Day,8/28/2015,6
Friends: Season 5: The One Where Phoebe Hates PBS,8/29/2015,7
Friends: Season 5: The One Hundredth,8/29/2015,7
Friends: Season 5: The One with All the Kissing,8/29/2015,7
Friends: Season 5: The One After Ross Says Rachel,8/29/2015,7
Friends: Season 4: The One with Ross's Wedding: Part 2,8/29/2015,7
Friends: Season 4: The One with Ross's Wedding: Part 1,8/29/2015,7
Friends: Season 4: The One with the Worst Best Man Ever,8/29/2015,7
Friends: Season 4: The One with the Invitation,8/29/2015,7
Friends: Season 4: The One with the Wedding Dresses,8/29/2015,7
Friends: Season 4: The One with All the Haste,8/29/2015,7
Friends: Season 4: The One with Rachel's New Dress,8/29/2015,7
Friends: Season 5: The One with the Girl Who Hits Joey,8/30/2015,1
Friends: Season 5: The One Where Everybody Finds Out,8/30/2015,1
Friends: Season 5: The One with Joey's Bag,8/30/2015,1
Friends: Season 5: The One with Chandler's Work Laugh,8/30/2015,1
Friends: Season 5: The One with the Inappropriate Sister,8/30/2015,1
Friends: Season 5: The One with Ross's Sandwich,8/30/2015,1
Friends: Season 5: The One with All the Thanksgivings,8/30/2015,1
Friends: Season 5: The One Where Ross Moves In,8/30/2015,1
Friends: Season 5: The One with the Yeti,8/30/2015,1
Friends: Season 5: The One with the Kips,8/30/2015,1
Friends: Season 5: The One with Rachel's Inadvertent Kiss,8/31/2015,2
Friends: Season 5: The One with the Cop,8/31/2015,2
Friends: Season 5: The One with the Ball,9/1/2015,3
Friends: Season 5: The One with the Ride-Along,9/1/2015,3
Friends: Season 5: The One Where Ross Can't Flirt,9/1/2015,3
Friends: Season 5: The One Where Rachel Smokes,9/1/2015,3
Friends: Season 5: The One with Joey's Big Break,9/2/2015,4
Friends: Season 6: The One Where Ross Hugs Rachel,9/3/2015,5
Friends: Season 6: The One After Vegas,9/3/2015,5
Friends: Season 5: The One in Vegas: Part 2,9/3/2015,5
Friends: Season 5: The One in Vegas: Part 1,9/3/2015,5
Friends: Season 6: The One Where Phoebe Runs,9/4/2015,6
Friends: Season 6: The One on the Last Night,9/4/2015,6
Friends: Season 6: The One with Joey's Porsche,9/4/2015,6
Friends: Season 6: The One Where Joey Loses His Insurance,9/4/2015,6
Friends: Season 6: The One with Ross's Denial,9/4/2015,6
Friends: Season 6: The One with Unagi,9/5/2015,7
Friends: Season 6: The One That Could Have Been: Part 2,9/5/2015,7
Friends: Season 6: The One That Could Have Been: Part 1,9/5/2015,7
Friends: Season 6: The One Where Chandler Can't Cry,9/5/2015,7
Friends: Season 6: The One with Rachel's Sister,9/5/2015,7
Friends: Season 6: The One with the Joke,9/5/2015,7
Friends: Season 6: The One with the Apothecary Table,9/5/2015,7
Friends: Season 6: The One with the Routine,9/5/2015,7
Friends: Season 6: The One Where Ross Got High,9/5/2015,7
Friends: Season 6: The One with Ross's Teeth,9/5/2015,7
Friends: Season 7: The One with Monica's Thunder,9/6/2015,1
Friends: Season 6: The One with the Proposal: Part 2,9/6/2015,1
Friends: Season 6: The One with the Proposal: Part 1,9/6/2015,1
Friends: Season 6: The One with the Ring,9/6/2015,1
Friends: Season 6: The One Where Paul's the Man,9/6/2015,1
Friends: Season 6: The One Where Ross Meets Elizabeth's Dad,9/6/2015,1
Friends: Season 6: The One with Mac and C.H.E.E.S.E,9/6/2015,1
Friends: Season 6: The One with Joey's Fridge,9/6/2015,1
Friends: Season 6: The One Where Ross Dates a Student,9/6/2015,1
Friends: Season 7: The One Where Rosita Dies,9/7/2015,2
Friends: Season 7: The One Where They're Up All Night,9/7/2015,2
Friends: Season 7: The One with All the Cheesecakes,9/7/2015,2
Friends: Season 7: The One with the Holiday Armadillo,9/7/2015,2
Friends: Season 7: The One with All the Candy,9/7/2015,2
Friends: Season 7: The One Where Chandler Doesn't Like Dogs,9/7/2015,2
Friends: Season 7: The One with Ross' Library Book,9/7/2015,2
Friends: Season 7: The One with the Nap Partners,9/7/2015,2
Friends: Season 7: The One with the Engagement Picture,9/7/2015,2
Friends: Season 7: The One with Rachel's Assistant,9/7/2015,2
Friends: Season 7: The One with Phoebe's Cookies,9/7/2015,2
Friends: Season 7: The One with Rachel's Book,9/7/2015,2
Friends: Season 7: The One with the Truth About London,9/8/2015,3
Friends: Season 7: The One with Joey's New Brain,9/8/2015,3
Friends: Season 7: The One Where They All Turn Thirty,9/8/2015,3
Friends: Season 7: The One with Joey's Award,9/9/2015,4
Friends: Season 7: The One with the Cheap Wedding Dress,9/9/2015,4
Friends: Season 7: The One with Ross and Monica's Cousin,9/11/2015,6
Friends: Season 7: The One with Rachel's Big Kiss,9/12/2015,7
Friends: Season 8: The One with the Rumor,9/13/2015,1
Friends: Season 8: The One with the Stripper,9/13/2015,1
Friends: Season 8: The One with the Stain,9/13/2015,1
Friends: Season 8: The One with the Halloween Party,9/13/2015,1
Friends: Season 8: The One with Rachel's Date,9/13/2015,1
Friends: Season 8: The One with the Videotape,9/13/2015,1
Friends: Season 8: The One Where Rachel Tells ...,9/13/2015,1
Friends: Season 8: The One with the Red Sweater,9/13/2015,1
Friends: Season 8: The One After I Do,9/13/2015,1
Friends: Season 7: The One with Chandler and Monica's Wedding: Part 2,9/13/2015,1
Friends: Season 7: The One with Chandler and Monica's Wedding: Part 1,9/13/2015,1
Friends: Season 7: The One with Chandler's Dad,9/13/2015,1
Friends: Season 7: The One with the Vows,9/13/2015,1
Friends: Season 8: The One Where Joey Dates Rachel,9/14/2015,2
Friends: Season 8: The One with the Creepy Holiday Card,9/14/2015,2
Friends: Season 8: The One with Monica's Boots,9/14/2015,2
Friends: Season 8: The One with the Baby Shower,9/16/2015,4
Friends: Season 8: The One with Joey's Interview,9/16/2015,4
Friends: Season 8: The One in Massapequa,9/16/2015,4
Friends: Season 8: The One with the Tea Leaves,9/16/2015,4
Friends: Season 8: The One Where Joey Tells Rachel,9/16/2015,4
Friends: Season 8: The One with the Birthing Video,9/16/2015,4
Friends: Season 8: The One with the Secret Closet,9/16/2015,4
Friends: Season 8: The One Where Chandler Takes a Bath,9/16/2015,4
Friends: Season 9: The One with Phoebe's Birthday Dinner,9/19/2015,7
Friends: Season 9: The One with the Sharks,9/19/2015,7
Friends: Season 9: The One with the Pediatrician,9/19/2015,7
Friends: Season 9: The One Where Emma Cries,9/19/2015,7
Friends: Season 9: The One Where No One Proposes,9/19/2015,7
Friends: Season 8: The One Where Rachel Has a Baby: Part 2,9/19/2015,7
Friends: Season 8: The One Where Rachel Has a Baby: Part 1,9/19/2015,7
Friends: Season 8: The One Where Rachel Is Late,9/19/2015,7
Friends: Season 8: The One with the Cooking Class,9/19/2015,7
Friends: Season 9: The One with Rachel's Other Sister,9/20/2015,1
Friends: Season 9: The One with Ross' Inappropriate Song,9/20/2015,1
Friends: Season 9: The One with the Male Nanny,9/20/2015,1
Friends: Season 9: The One with Rachel's Phone Number,9/21/2015,2
Friends: Season 9: The One with Christmas in Tulsa,9/22/2015,3
Friends: Season 9: The One with Phoebe's Rats,9/23/2015,4
Friends: Season 9: The One Where Rachel Goes Back to Work,9/23/2015,4
Friends: Season 9: The One Where Monica Sings,9/24/2015,5
The A-List,9/25/2015,6
Friends: Season 9: The One with the Mugging,9/26/2015,7
Friends: Season 9: The One with the Blind Dates,9/26/2015,7
Friends: Season 9: The One with the Boob Job,9/27/2015,1
Friends: Season 9: The One with the Fertility Test,9/29/2015,3
Friends: Season 9: The One with the Soap Opera Party,9/29/2015,3
Friends: Season 9: The One with the Lottery,9/29/2015,3
Friends: Season 9: The One with the Memorial Service,9/29/2015,3
Friends: Season 9: The One in Barbados: Part 2,9/30/2015,4
Friends: Season 9: The One in Barbados: Part 1,9/30/2015,4
Friends: Season 9: The One with the Donor,9/30/2015,4
Friends: Season 9: The One with Rachel's Dream,9/30/2015,4
Friends: Season 10: The One with Ross's Tan,10/1/2015,5
Friends: Season 10: The One Where Ross Is Fine,10/1/2015,5
Friends: Season 10: The One After Joey and Rachel Kiss,10/1/2015,5
Friends: Season 10: The One with the Cake,10/3/2015,7
Friends: Season 10: The One Where Rachel's Sister Babysits,10/4/2015,1
Friends: Season 10: The One with Ross's Grant,10/5/2015,2
Friends: Season 10: The One Where the Stripper Cries,10/6/2015,3
Friends: Season 10: The One Where Chandler Gets Caught,10/6/2015,3
Friends: Season 10: The One with the Birth Mother,10/6/2015,3
Friends: Season 10: The One with the Late Thanksgiving,10/6/2015,3
Friends: Season 10: The One with The Home Study,10/6/2015,3
Friends: Season 10: The One with Rachel's Going Away Party,10/7/2015,4
Friends: Season 10: The One Where Estelle Dies,10/7/2015,4
Friends: Season 10: The One with Princess Consuela,10/7/2015,4
6 Years,10/7/2015,4
Friends: Season 10: The One Where Joey Speaks French,10/7/2015,4
Friends: Season 10: The One with Phoebe's Wedding,10/7/2015,4
Friday Night Lights: Season 1: Eyes Wide Open,10/10/2015,7
Friday Night Lights: Season 1: Pilot,10/10/2015,7
Last Man Standing: Season 1: House Rules,10/12/2015,2
Last Man Standing: Season 1: Home Security,10/12/2015,2
"Last Man Standing: Season 1: Good Cop, Bad Cop",10/12/2015,2
Last Man Standing: Season 1: Co-ed Softball,10/12/2015,2
Last Man Standing: Season 1: Last Halloween Standing,10/12/2015,2
Last Man Standing: Season 1: Grandparents Day,10/12/2015,2
Last Man Standing: Season 1: Last Baby Proofing Standing,10/12/2015,2
Last Man Standing: Season 1: Pilot,10/12/2015,2
Last Man Standing: Season 1: Adrenaline,10/13/2015,3
Last Man Standing: Season 1: Tree of Strife,10/13/2015,3
Last Man Standing: Season 1: House of Spirits,10/13/2015,3
Last Man Standing: Season 1: Odd Couple Out,10/13/2015,3
Last Man Standing: Season 1: Take Your Daughter to Work,10/13/2015,3
Last Man Standing: Season 1: Moon Over Kenya,10/13/2015,3
Last Man Standing: Season 1: The Passion of the Mandy,10/13/2015,3
Last Man Standing: Season 1: Last Christmas Standing,10/13/2015,3
Last Man Standing: Season 1: Guess Who's Coming to Dinner,10/13/2015,3
Last Man Standing: Season 1: Ding Dong Ditch,10/14/2015,4
Last Man Standing: Season 1: Baxter & Sons,10/14/2015,4
Last Man Standing: Season 1: This Bud's for You,10/16/2015,6
"Last Man Standing: Season 1: Wherefore Art Thou, Mike Baxter",10/16/2015,6
Last Man Standing: Season 1: Animal Wrongs,10/16/2015,6
Last Man Standing: Season 2: Voting,10/17/2015,7
Last Man Standing: Season 1: Found Money,10/17/2015,7
Last Man Standing: Season 1: The Spotlight,10/17/2015,7
Last Man Standing: Season 2: Ed's Twice Ex-Wife,10/18/2015,1
Last Man Standing: Season 2: High Expectations,10/18/2015,1
Last Man Standing: Season 2: Dodgeball Club,10/18/2015,1
Last Man Standing: Season 2: Mother Fracker,10/19/2015,2
Zathura: A Space Adventure,10/20/2015,3
Last Man Standing: Season 2: Attractive Architect,10/20/2015,3
Last Man Standing: Season 2: Bullying,10/20/2015,3
Last Man Standing: Season 2: Putting a Hit On Christmas,10/20/2015,3
Last Man Standing: Season 2: Circle of Life,10/20/2015,3
Last Man Standing: Season 2: The Fight,10/21/2015,4
Last Man Standing: Season 2: Private Coach,10/21/2015,4
Last Man Standing: Season 2: Breaking Curfew,10/21/2015,4
Last Man Standing: Season 2: Buffalo Bill Day,10/21/2015,4
Last Man Standing: Season 2: What's in a Name?,10/21/2015,4
Last Man Standing: Season 2: Quarterback Boyfriend,10/21/2015,4
Last Man Standing: Season 2: Mike's Pole,10/21/2015,4
Last Man Standing: Season 2: The Help,10/21/2015,4
Last Man Standing: Season 2: College Girl,10/22/2015,5
Last Man Standing: Season 3: Haunted House,10/23/2015,6
Last Man Standing: Season 3: Ryan V. John Baker,10/23/2015,6
Last Man Standing: Season 3: Pledging,10/23/2015,6
Last Man Standing: Season 3: Driving Lessons,10/23/2015,6
Last Man Standing: Season 3: Back to School,10/23/2015,6
Last Man Standing: Season 3: Vanessa Fixes Kyle,10/24/2015,7
Last Man Standing: Season 3: Shoveling Snow,10/24/2015,7
Last Man Standing: Season 3: Larabee for School Board,10/24/2015,7
Last Man Standing: Season 3: Breaking Boyd,10/25/2015,1
Last Man Standing: Season 3: All About Eve,10/25/2015,1
Last Man Standing: Season 3: Elfie,10/25/2015,1
Last Man Standing: Season 3: Spanking,10/25/2015,1
Rock On!!,10/25/2015,1
Last Man Standing: Season 3: Thanksgiving,10/25/2015,1
Last Man Standing: Season 3: Renaming Boyd's School,10/26/2015,2
Last Man Standing: Season 3: Taser,10/27/2015,3
Last Man Standing: Season 3: Hard-Ass Teacher,10/28/2015,4
Last Man Standing: Season 3: Project Mandy,10/28/2015,4
Last Man Standing: Season 3: Eve's Boyfriend,10/28/2015,4
Last Man Standing: Season 3: Stud Muffin,10/28/2015,4
Last Man Standing: Season 3: Parenting Bud,10/29/2015,5
Last Man Standing: Season 4: School Merger,11/1/2015,1
Last Man Standing: Season 4: Sinkhole,11/1/2015,1
Last Man Standing: Season 4: Rediscover America,11/1/2015,1
Wish Upon a Star,11/1/2015,1
Last Man Standing: Season 4: War Games,11/1/2015,1
Last Man Standing: Season 4: Here's the Kicker,11/1/2015,1
Last Man Standing: Season 3: Mutton Busting,11/1/2015,1
Last Man Standing: Season 3: April Come She Will,11/1/2015,1
Last Man Standing: Season 4: Outdoor Man Grill,11/2/2015,2
Last Man Standing: Season 4: Changing Light Bulbs,11/2/2015,2
Last Man Standing: Season 4: Risky Behavior,11/2/2015,2
Last Man Standing: Season 4: Big Shots,11/2/2015,2
Last Man Standing: Season 4: Mike Advises Mandy,11/2/2015,2
Last Man Standing: Season 4: Restaurant Opening,11/3/2015,3
Last Man Standing: Season 4: Summer Internship,11/3/2015,3
Last Man Standing: Season 4: Mandy's Party,11/3/2015,3
Last Man Standing: Season 4: Kyle's Friend,11/3/2015,3
Last Man Standing: Season 4: Three Sundays,11/3/2015,3
Last Man Standing: Season 4: Big Brother,11/3/2015,3
Last Man Standing: Season 4: Eve's Breakup,11/3/2015,3
Last Man Standing: Season 4: Mike Hires Chuck,11/3/2015,3
Last Man Standing: Season 4: Helen Potts,11/3/2015,3
Last Man Standing: Season 4: Wedding Planning,11/3/2015,3
Last Man Standing: Season 4: Daddy Dearest,11/4/2015,4
Last Man Standing: Season 4: Vanessa Fixes Up Eve,11/4/2015,4
The Christmas Card,11/7/2015,7
Project McÂ²: Part 1: Secret Agenting,11/8/2015,1
Project McÂ²: Part 1: The New Girl,11/8/2015,1
Bruce Almighty,11/8/2015,1
Heart of the Country,11/8/2015,1
Private Practice: Season 6: In Which We Say Goodbye,11/22/2015,1
The Flash: Season 1: Things You Can't Outrun,11/26/2015,5
The Flash: Season 1: Fastest Man Alive,11/26/2015,5
The Flash: Season 1: Pilot,11/26/2015,5
The Flash: Season 1: Crazy for You,11/27/2015,6
The Flash: Season 1: The Sound and the Fury,11/27/2015,6
The Flash: Season 1: Revenge of the Rogues,11/27/2015,6
The Flash: Season 1: The Man in the Yellow Suit,11/27/2015,6
The Flash: Season 1: Flash vs. Arrow,11/27/2015,6
The Flash: Season 1: Power Outage,11/27/2015,6
The Flash: Season 1: The Flash Is Born,11/27/2015,6
The Flash: Season 1: Plastique,11/27/2015,6
The Flash: Season 1: Going Rogue,11/27/2015,6
The Flash: Season 1: Fast Enough,11/28/2015,7
The Flash: Season 1: Rogue Air,11/28/2015,7
The Flash: Season 1: Grodd Lives,11/28/2015,7
The Flash: Season 1: The Trap,11/28/2015,7
The Flash: Season 1: Who Is Harrison Wells?,11/28/2015,7
The Flash: Season 1: All Star Team Up,11/28/2015,7
The Flash: Season 1: Tricksters,11/28/2015,7
The Flash: Season 1: Rogue Time,11/28/2015,7
The Flash: Season 1: Out of Time,11/28/2015,7
The Flash: Season 1: Fallout,11/28/2015,7
The Flash: Season 1: The Nuclear Man,11/28/2015,7
That '70s Show: Season 1: Streaking,12/1/2015,3
That '70s Show: Season 1: Eric's Birthday,12/1/2015,3
That '70s Show: Season 1: Pilot,12/1/2015,3
Arrow: Season 1: Pilot,12/2/2015,4
That '70s Show: Season 1: Battle of the Sexists,12/2/2015,4
That '70s Show: Season 1: Eric's Burger Job,12/3/2015,5
Arrow: Season 1: Damaged,12/3/2015,5
Arrow: Season 1: An Innocent Man,12/3/2015,5
Arrow: Season 1: Lone Gunmen,12/3/2015,5
Arrow: Season 1: Honor Thy Father,12/3/2015,5
Arrow: Season 1: Burned,12/5/2015,7
Arrow: Season 1: Year's End,12/5/2015,7
Arrow: Season 1: Vendetta,12/5/2015,7
Arrow: Season 1: Muse of Fire,12/5/2015,7
Arrow: Season 1: Legacies,12/5/2015,7
Arrow: Season 1: The Undertaking,12/6/2015,1
Arrow: Season 1: Home Invasion,12/6/2015,1
Arrow: Season 1: Unfinished Business,12/6/2015,1
Arrow: Season 1: Salvation,12/6/2015,1
Arrow: Season 1: The Huntress Returns,12/6/2015,1
Arrow: Season 1: Dead to Rights,12/6/2015,1
Arrow: Season 1: Dodger,12/6/2015,1
Arrow: Season 1: The Odyssey,12/6/2015,1
Arrow: Season 1: Betrayal,12/6/2015,1
Arrow: Season 1: Vertigo,12/6/2015,1
Arrow: Season 1: Trust but Verify,12/6/2015,1
Arrow: Season 2: Identity,12/7/2015,2
Arrow: Season 2: City of Heroes,12/7/2015,2
Arrow: Season 1: Sacrifice,12/7/2015,2
Arrow: Season 1: Darkness on the Edge of Town,12/7/2015,2
That '70s Show: Season 1: The Keg,12/7/2015,2
Arrow: Season 2: Blast Radius,12/8/2015,3
Arrow: Season 2: Three Ghosts,12/8/2015,3
Arrow: Season 2: The Scientist,12/8/2015,3
Arrow: Season 2: State v. Queen,12/8/2015,3
Arrow: Season 2: Keep Your Enemies Closer,12/8/2015,3
Arrow: Season 2: League of Assassins,12/8/2015,3
Arrow: Season 2: Crucible,12/8/2015,3
Arrow: Season 2: Broken Dolls,12/8/2015,3
Arrow: Season 2: Time of Death,12/9/2015,4
Arrow: Season 2: Heir to the Demon,12/9/2015,4
Arrow: Season 2: Tremors,12/9/2015,4
Arrow: Season 2: Blind Spot,12/9/2015,4
Arrow: Season 2: Seeing Red,12/10/2015,5
Arrow: Season 2: The Man Under the Hood,12/10/2015,5
Arrow: Season 2: Deathstroke,12/10/2015,5
Arrow: Season 2: Birds of Prey,12/10/2015,5
Arrow: Season 2: Suicide Squad,12/10/2015,5
Arrow: Season 2: The Promise,12/10/2015,5
Arrow: Season 3: Guilty,12/11/2015,6
Arrow: Season 3: The Secret Origin of Felicity Smoak,12/11/2015,6
Arrow: Season 3: The Magician,12/11/2015,6
Arrow: Season 3: Corto Maltese,12/11/2015,6
Arrow: Season 3: Sara,12/11/2015,6
Arrow: Season 3: The Calm,12/11/2015,6
Arrow: Season 2: Unthinkable,12/11/2015,6
Arrow: Season 2: Streets of Fire,12/11/2015,6
Arrow: Season 2: City of Blood,12/11/2015,6
Arrow: Season 3: Uprising,12/12/2015,7
Arrow: Season 3: Midnight City,12/12/2015,7
Arrow: Season 3: Left Behind,12/12/2015,7
Arrow: Season 3: The Climb,12/12/2015,7
Arrow: Season 3: The Brave and the Bold,12/12/2015,7
Arrow: Season 3: Draw Back Your Bow,12/12/2015,7
That '70s Show: Season 1: That Disco Episode,12/13/2015,1
Arrow: Season 3: Canaries,12/13/2015,1
Arrow: Season 3: Nanda Parbat,12/14/2015,2
Arrow: Season 3: The Return,12/14/2015,2
Arrow: Season 3: Al Sah-him,12/15/2015,3
Arrow: Season 3: The Fallen,12/15/2015,3
Arrow: Season 3: Broken Arrow,12/15/2015,3
Arrow: Season 3: Public Enemy,12/15/2015,3
Arrow: Season 3: Suicidal Tendencies,12/15/2015,3
Arrow: Season 3: The Offer,12/15/2015,3
Arrow: Season 3: My Name is Oliver Queen,12/17/2015,5
Arrow: Season 3: This Is Your Sword,12/17/2015,5
Once Upon a Time: Season 1: That Still Small Voice,12/23/2015,4
Once Upon a Time: Season 1: The Price of Gold,12/23/2015,4
Once Upon a Time: Season 1: Snow Falls,12/23/2015,4
Once Upon a Time: Season 1: The Thing You Love Most,12/23/2015,4
Once Upon a Time: Season 1: What Happened to Frederick,12/24/2015,5
Once Upon a Time: Season 1: Skin Deep,12/24/2015,5
Once Upon a Time: Season 1: Fruit of the Poisonous Tree,12/24/2015,5
Once Upon a Time: Season 1: 7:15 A.M.,12/24/2015,5
Once Upon a Time: Season 1: True North,12/24/2015,5
Once Upon a Time: Season 1: Desperate Souls,12/24/2015,5
Once Upon a Time: Season 1: The Heart Is a Lonely Hunter,12/24/2015,5
Once Upon a Time: Season 1: The Shepherd,12/24/2015,5
Once Upon a Time: Season 1: An Apple Red as Blood,12/25/2015,6
Once Upon a Time: Season 1: The Stranger,12/25/2015,6
Once Upon a Time: Season 1: The Return,12/25/2015,6
Once Upon a Time: Season 1: The Stable Boy,12/25/2015,6
Once Upon a Time: Season 1: Hat Trick,12/25/2015,6
Once Upon a Time: Season 1: Heart of Darkness,12/25/2015,6
Once Upon a Time: Season 1: Red-Handed,12/25/2015,6
Once Upon a Time: Season 1: Dreamy,12/25/2015,6
Once Upon a Time: Season 2: The Cricket Game,12/26/2015,7
Once Upon a Time: Season 2: Queen of Hearts,12/26/2015,7
Once Upon a Time: Season 2: Into the Deep,12/26/2015,7
Once Upon a Time: Season 2: Child of the Moon,12/26/2015,7
Once Upon a Time: Season 2: Tallahassee,12/26/2015,7
Once Upon a Time: Season 2: The Doctor,12/26/2015,7
Once Upon a Time: Season 2: The Crocodile,12/26/2015,7
Once Upon a Time: Season 2: Lady of the Lake,12/26/2015,7
Once Upon a Time: Season 2: We Are Both,12/26/2015,7
Once Upon a Time: Season 2: Broken,12/26/2015,7
Once Upon a Time: Season 1: A Land Without Magic,12/26/2015,7
Jackie & Ryan,12/27/2015,1
Once Upon a Time: Season 2: Lacey,12/27/2015,1
"Once Upon a Time: Season 2: Selfless, Brave and True",12/27/2015,1
Once Upon a Time: Season 2: Welcome to Storybrooke,12/27/2015,1
Once Upon a Time: Season 2: The Miller's Daughter,12/27/2015,1
Once Upon a Time: Season 2: The Queen Is Dead,12/27/2015,1
That '70s Show: Season 1: Thanksgiving,12/27/2015,1
That '70s Show: Season 1: Drive-In,12/27/2015,1
Once Upon a Time: Season 2: Manhattan,12/27/2015,1
Once Upon a Time: Season 2: Tiny,12/27/2015,1
Once Upon a Time: Season 2: In the Name of the Brother,12/27/2015,1
Once Upon a Time: Season 2: The Outsider,12/27/2015,1
Once Upon a Time: Season 3: New York City Serenade,12/28/2015,2
Once Upon a Time: Season 3: Going Home,12/28/2015,2
Once Upon a Time: Season 3: The New Neverland,12/28/2015,2
Once Upon a Time: Season 3: Save Henry,12/28/2015,2
Once Upon a Time: Season 3: Think Lovely Thoughts,12/28/2015,2
Once Upon a Time: Season 3: Dark Hollow,12/28/2015,2
Once Upon a Time: Season 3: Ariel,12/28/2015,2
Once Upon a Time: Season 3: Good Form,12/28/2015,2
Once Upon a Time: Season 3: Nasty Habits,12/28/2015,2
Once Upon a Time: Season 3: Quite a Common Fairy,12/28/2015,2
Once Upon a Time: Season 3: Lost Girl,12/28/2015,2
Once Upon a Time: Season 3: The Heart of the Truest Believer,12/28/2015,2
Once Upon a Time: Season 2: And Straight on 'Til Morning,12/28/2015,2
Once Upon a Time: Season 2: Second Star to the Right,12/28/2015,2
Once Upon a Time: Season 2: The Evil Queen,12/28/2015,2
"That '70s Show: Season 1: Sunday, Bloody Sunday",12/29/2015,3
Once Upon a Time: Season 3: There's No Place Like Home,12/29/2015,3
Once Upon a Time: Season 3: Snow Drifts,12/29/2015,3
Once Upon a Time: Season 3: Kansas,12/29/2015,3
Once Upon a Time: Season 3: A Curious Thing,12/29/2015,3
Once Upon a Time: Season 3: Bleeding Through,12/29/2015,3
Once Upon a Time: Season 3: The Jolly Roger,12/29/2015,3
Once Upon a Time: Season 3: It's Not Easy Being Green,12/29/2015,3
Once Upon a Time: Season 3: Quiet Minds,12/29/2015,3
Once Upon a Time: Season 3: The Tower,12/29/2015,3
Once Upon a Time: Season 3: Witch Hunt,12/29/2015,3
Once Upon a Time: Season 4: Unforgiven,12/30/2015,4
Once Upon a Time: Season 4: Darkness on the Edge of Town,12/30/2015,4
Once Upon a Time: Season 4: Heroes and Villains,12/30/2015,4
Once Upon a Time: Season 4: Shattered Sight,12/30/2015,4
Once Upon a Time: Season 4: Fall,12/30/2015,4
Once Upon a Time: Season 4: Smash the Mirror: Part 2,12/30/2015,4
Once Upon a Time: Season 4: Smash the Mirror: Part 1,12/30/2015,4
Once Upon a Time: Season 4: The Snow Queen,12/30/2015,4
Once Upon a Time: Season 4: Family Business,12/30/2015,4
Once Upon a Time: Season 4: Breaking Glass,12/30/2015,4
Once Upon a Time: Season 4: The Apprentice,12/30/2015,4
Once Upon a Time: Season 4: Rocky Road,12/30/2015,4
Once Upon a Time: Season 4: White Out,12/30/2015,4
Once Upon a Time: Season 4: A Tale of Two Sisters,12/30/2015,4
Once Upon a Time: Season 4: Heart of Gold,12/31/2015,5
Once Upon a Time: Season 4: Best Laid Plans,12/31/2015,5
Once Upon a Time: Season 4: Poor Unfortunate Soul,12/31/2015,5
Raising Hope: Season 4: The Father Daughter Dance,12/31/2015,5
Once Upon a Time: Season 4: Enter the Dragon,12/31/2015,5
Once Upon a Time: Season 4: Operation Mongoose: Part 2,1/1/2016,6
Once Upon a Time: Season 4: Operation Mongoose: Part 1,1/1/2016,6
Once Upon a Time: Season 4: Mother,1/1/2016,6
Once Upon a Time: Season 4: Lily,1/1/2016,6
Once Upon a Time: Season 4: Sympathy for the De Vil,1/1/2016,6
About a Boy: Season 2: About a Balcony,1/3/2016,1
About a Boy: Season 2: About an Angry Ex,1/3/2016,1
About a Boy: Season 2: About a Bad Girl,1/3/2016,1
About a Boy: Season 2: About a Will-O-Ween,1/3/2016,1
About a Boy: Season 2: About a House for Sale,1/3/2016,1
About a Boy: Season 2: About a Vasectomy,1/3/2016,1
About a Boy: Season 1: About a Rib Chute,1/3/2016,1
About a Boy: Season 1: About a Hammer,1/3/2016,1
About a Boy: Season 1: About a Birthday Surprise,1/3/2016,1
About a Boy: Season 1: About a Boy's Dad,1/3/2016,1
About a Boy: Season 1: About a Kiss,1/3/2016,1
About a Boy: Season 1: About a Slopmaster,1/3/2016,1
About a Boy: Season 1: About a Poker Night,1/3/2016,1
About a Boy: Season 1: About a BublÃ©,1/3/2016,1
About a Boy: Season 1: About a Plumber,1/3/2016,1
About a Boy: Season 1: About a Girl,1/3/2016,1
About a Boy: Season 1: About a Godfather,1/3/2016,1
About a Boy: Season 2: About a Manniversary,1/4/2016,2
About a Boy: Season 2: About a Christmas Carol,1/4/2016,2
About a Boy: Season 2: About a Duck,1/4/2016,2
About a Boy: Season 2: About a Cat Party,1/5/2016,3
About a Boy: Season 2: About a Prostitute,1/5/2016,3
About a Boy: Season 2: About a Hook,1/5/2016,3
About a Boy: Season 2: About a Boy Becoming a Man,1/5/2016,3
About a Boy: Season 2: About a Self Defense,1/6/2016,4
About a Boy: Season 2: About Another Boy,1/6/2016,4
About a Boy: Season 2: About a Babymoon,1/6/2016,4
About a Boy: Season 2: About a Memory Hole,1/6/2016,4
About a Boy: Season 2: About a Trunk,1/6/2016,4
About a Boy: Season 2: About a Boyfriend,1/6/2016,4
Ice Age: The Meltdown,1/6/2016,4
How I Met Your Mother: Season 1: The Sweet Taste of Liberty,1/7/2016,5
How I Met Your Mother: Season 1: Purple Giraffe,1/7/2016,5
How I Met Your Mother: Season 1: Pilot,1/7/2016,5
How I Met Your Mother: Season 1: Return of the Shirt,1/9/2016,7
Glee: Season 1: Ballad,1/10/2016,1
Glee: Season 1: Wheels,1/10/2016,1
Glee: Season 1: Mash-Up,1/10/2016,1
Glee: Season 1: Throwdown,1/10/2016,1
Glee: Season 1: Vitamin D,1/10/2016,1
Glee: Season 1: The Rhodes Not Taken,1/10/2016,1
Glee: Season 1: Preggers,1/10/2016,1
Glee: Season 1: Acafellas,1/10/2016,1
Glee: Season 1: Showmance,1/10/2016,1
Glee: Season 1: Hell-O,1/11/2016,2
Glee: Season 1: Sectionals,1/11/2016,2
Glee: Season 1: Mattress,1/11/2016,2
Glee: Season 1: Hairography,1/11/2016,2
Glee: Season 2: Audition,1/13/2016,4
Glee: Season 1: Funk,1/13/2016,4
Glee: Season 1: Theatricality,1/13/2016,4
Glee: Season 1: Dream On,1/13/2016,4
Glee: Season 1: Laryngitis,1/13/2016,4
Glee: Season 1: Bad Reputation,1/13/2016,4
Glee: Season 1: Home,1/13/2016,4
Glee: Season 1: The Power of Madonna,1/13/2016,4
Glee: Season 2: Never Been Kissed,1/14/2016,5
Glee: Season 2: The Rocky Horror Glee Show,1/14/2016,5
Glee: Season 2: Grilled Cheesus,1/14/2016,5
Glee: Season 2: Britney/Brittany,1/14/2016,5
Glee: Season 2: Comeback,1/15/2016,6
Glee: Season 2: Silly Love Songs,1/15/2016,6
Glee: Season 2: The Sue Sylvester Shuffle,1/15/2016,6
Glee: Season 2: A Very Glee Christmas,1/15/2016,6
Glee: Season 2: Special Education,1/15/2016,6
Glee: Season 2: Furt,1/15/2016,6
Glee: Season 2: The Substitute,1/15/2016,6
Glee: Season 2: A Night Of Neglect,1/16/2016,7
Glee: Season 2: Sexy,1/16/2016,7
Glee: Season 2: Blame It On The Alcohol,1/16/2016,7
Glee: Season 3: Michael,1/17/2016,1
Glee: Season 3: Yes/No,1/17/2016,1
Glee: Season 3: Extraordinary Merry Christmas,1/17/2016,1
Glee: Season 3: Hold On to Sixteen,1/17/2016,1
Glee: Season 3: I Kissed a Girl,1/17/2016,1
Glee: Season 3: Mash Off,1/17/2016,1
Glee: Season 3: The First Time,1/17/2016,1
Glee: Season 3: Pot o' Gold,1/17/2016,1
Glee: Season 3: Asian F,1/17/2016,1
Glee: Season 3: I Am Unicorn,1/17/2016,1
Glee: Season 3: The Purple Piano Project,1/17/2016,1
Glee: Season 2: New York,1/17/2016,1
Glee: Season 2: Funeral,1/17/2016,1
Glee: Season 2: Prom Queen,1/17/2016,1
Glee: Season 3: Prom-A-Saurus,1/18/2016,2
Glee: Season 3: Dance With Somebody,1/18/2016,2
Glee: Season 3: Saturday Night Glee-ver,1/18/2016,2
Glee: Season 3: Big Brother,1/18/2016,2
Glee: Season 3: Heart,1/18/2016,2
Glee: Season 3: The Spanish Teacher,1/18/2016,2
Glee: Season 4: The New Rachel,1/20/2016,4
Sirens: Season 1: Pilot,1/20/2016,4
Glee: Season 4: Thanksgiving,1/21/2016,5
Sirens: Season 1: A Bitch Named Karma,1/21/2016,5
Glee: Season 4: Dynamic Duets,1/21/2016,5
Glee: Season 4: Glease,1/21/2016,5
Glee: Season 4: The Role You Were Born to Play,1/21/2016,5
Glee: Season 4: The Break-Up,1/21/2016,5
Glee: Season 4: Makeover,1/21/2016,5
Glee: Season 4: Britney 2.0,1/21/2016,5
Glee: Season 4: Girls (and Boys) on Film,1/22/2016,6
Glee: Season 4: I Do,1/22/2016,6
Glee: Season 4: Diva,1/22/2016,6
Glee: Season 4: Naked,1/22/2016,6
Glee: Season 4: Sadie Hawkins,1/22/2016,6
Glee: Season 4: Swan Song,1/22/2016,6
Glee: Season 5: Tina in the Sky with Diamonds,1/23/2016,7
"Glee: Season 5: Love, Love, Love",1/23/2016,7
Glee: Season 4: Wonder-ful,1/23/2016,7
Glee: Season 4: Lights Out,1/23/2016,7
Glee: Season 4: Sweet Dreams,1/23/2016,7
Glee: Season 4: Guilty Pleasures,1/23/2016,7
Glee: Season 4: Feud,1/23/2016,7
Glee: Season 5: Previously Unaired Christmas,1/24/2016,1
Glee: Season 5: Puppet Master,1/24/2016,1
Glee: Season 5: Trio,1/25/2016,2
Glee: Season 5: Frenemies,1/25/2016,2
Glee: Season 5: City of Angels,1/26/2016,3
Glee: Season 5: Opening Night,1/27/2016,4
Glee: Season 5: Tested,1/27/2016,4
Glee: Season 5: Bash,1/27/2016,4
Glee: Season 5: New New York,1/27/2016,4
Glee: Season 5: The Untitled Rachel Berry Project,1/28/2016,5
"Glee: Season 5: Old Dog, New Tricks",1/28/2016,5
Glee: Season 5: The Back-Up Plan,1/28/2016,5
Glee: Season 6: The Hurt Locker: Part 2,1/29/2016,6
Glee: Season 6: The Hurt Locker: Part 1,1/29/2016,6
Glee: Season 6: Homecoming,1/29/2016,6
Glee: Season 6: Loser Like Me,1/29/2016,6
Gossip Girl: Season 1: Bad News Blair,1/30/2016,7
Gossip Girl: Season 1: Poison Ivy,1/30/2016,7
Glee: Season 6: The Rise and Fall of Sue Sylvester,1/30/2016,7
Glee: Season 6: Child Star,1/30/2016,7
Glee: Season 6: A Wedding,1/30/2016,7
Glee: Season 6: Transitioning,1/30/2016,7
Glee: Season 6: What the World Needs Now,1/30/2016,7
Gossip Girl: Season 1: All About My Brother,1/31/2016,1
Gossip Girl: Season 1: Desperately Seeking Serena,1/31/2016,1
Gossip Girl: Season 1: The Blair Bitch Project,1/31/2016,1
Gossip Girl: Season 1: A Thin Line Between Chuck and Nate,1/31/2016,1
Gossip Girl: Season 1: School Lies,1/31/2016,1
Gossip Girl: Season 1: Roman Holiday,1/31/2016,1
"Gossip Girl: Season 1: Hi, Society",1/31/2016,1
Gossip Girl: Season 1: Blair Waldorf Must Pie!,1/31/2016,1
Gossip Girl: Season 1: Seventeen Candles,1/31/2016,1
"Gossip Girl: Season 1: Victor, Victrola",1/31/2016,1
Gossip Girl: Season 1: The Handmaiden's Tale,1/31/2016,1
Gossip Girl: Season 1: Dare Devil,1/31/2016,1
Gossip Girl: Season 2: The Dark Night,2/1/2016,2
Gossip Girl: Season 2: Never Been Marcused,2/1/2016,2
"Gossip Girl: Season 2: Summer, Kind of Wonderful",2/1/2016,2
Gossip Girl: Season 1: Much 'I Do' About Nothing,2/1/2016,2
Gossip Girl: Season 1: Woman on the Verge,2/1/2016,2
Gossip Girl: Season 2: Pret-a-Poor-J,2/2/2016,3
Gossip Girl: Season 2: Chuck In Real Life,2/2/2016,3
Gossip Girl: Season 2: New Haven Can Wait,2/2/2016,3
Gossip Girl: Season 2: The Serena Also Rises,2/2/2016,3
Gossip Girl: Season 2: The Ex-Files,2/2/2016,3
Gossip Girl: Season 2: It's a Wonderful Lie,2/3/2016,4
Gossip Girl: Season 2: The Magnificent Archibalds,2/3/2016,4
Gossip Girl: Season 2: Bonfire of the Vanity,2/3/2016,4
Gossip Girl: Season 2: There Might Be Blood,2/3/2016,4
Gossip Girl: Season 2: Gone with the Will,2/4/2016,5
Gossip Girl: Season 2: In the Realm of the Basses,2/4/2016,5
"Gossip Girl: Season 2: O Brother, Where Bart Thou?",2/4/2016,5
Gossip Girl: Season 2: Remains of the J,2/5/2016,6
Gossip Girl: Season 2: The Grandfather,2/5/2016,6
Gossip Girl: Season 2: The Age of Dissonance,2/5/2016,6
Gossip Girl: Season 2: Carrnal Knowledge,2/5/2016,6
Gossip Girl: Season 2: You've Got Yale!,2/5/2016,6
Gossip Girl: Season 3: Enough About Eve,2/6/2016,7
Gossip Girl: Season 3: Rufus Getting Married,2/6/2016,7
Gossip Girl: Season 3: Dan de Fleurette,2/6/2016,7
Gossip Girl: Season 3: The Lost Boy,2/6/2016,7
Gossip Girl: Season 3: The Freshmen,2/6/2016,7
Gossip Girl: Season 3: Reversals of Fortune,2/6/2016,7
Gossip Girl: Season 2: The Goodbye Gossip Girl,2/6/2016,7
Gossip Girl: Season 2: Valley Girls,2/6/2016,7
Gossip Girl: Season 2: The Wrath of Con,2/6/2016,7
Gossip Girl: Season 2: Southern Gentlemen Prefer Blondes,2/6/2016,7
Gossip Girl: Season 2: Seder Anything,2/6/2016,7
Gossip Girl: Season 3: How to Succeed in Bassness,2/7/2016,1
"Gossip Girl: Season 3: They Shoot Humphreys, Don't They?",2/8/2016,2
Gossip Girl: Season 3: The Grandfather: Part ll,2/8/2016,2
Gossip Girl: Season 3: The Treasure of Serena Madre,2/9/2016,3
Gossip Girl: Season 3: The Last Days of Disco Stick,2/9/2016,3
Gossip Girl: Season 3: The Lady Vanished,2/10/2016,4
Gossip Girl: Season 3: The Hurt Locket,2/10/2016,4
Gossip Girl: Season 3: The Debarted,2/10/2016,4
Gossip Girl: Season 3: The Sixteen Year Old Virgin,2/13/2016,7
Gossip Girl: Season 3: The Empire Strikes Jack,2/14/2016,1
When Calls the Heart: Season 1: A Telling Silence,2/15/2016,2
When Calls the Heart: Season 1: Cease and Desist,2/15/2016,2
When Calls the Heart: Season 1: Lost and Found,2/15/2016,2
Gossip Girl: Season 3: Inglorius Bassterds,2/15/2016,2
Gossip Girl: Season 3: The Unblairable Lightness of Being,2/16/2016,3
Gossip Girl: Season 3: Dr. Estrangeloved,2/17/2016,4
"Gossip Girl: Season 3: It's a Dad, Dad, Dad, Dad World",2/18/2016,5
Gossip Girl: Season 3: Ex-Husbands and Wives,2/20/2016,7
Gossip Girl: Season 4: Double Identity,2/21/2016,1
When Calls the Heart: Season 1: Secret and Lies,2/21/2016,1
Gossip Girl: Season 4: Belles de Jour,2/21/2016,1
"Gossip Girl: Season 3: Last Tango, Then Paris",2/21/2016,1
"Gossip Girl: Season 4: Goodbye, Columbia",2/22/2016,2
Gossip Girl: Season 4: Touch of Eva,2/22/2016,2
Gossip Girl: Season 4: The Undergraduates,2/22/2016,2
Gossip Girl: Season 4: Gaslit,2/24/2016,4
Gossip Girl: Season 4: The Witches of Bushwick,2/24/2016,4
Gossip Girl: Season 4: War at the Roses,2/24/2016,4
Gossip Girl: Season 4: Easy J,2/24/2016,4
Gossip Girl: Season 4: Panic Roommate,2/25/2016,5
Gossip Girl: Season 4: Damien Darko,2/25/2016,5
Gossip Girl: Season 4: The Kids Are Not All Right,2/25/2016,5
Gossip Girl: Season 4: The Townie,2/25/2016,5
Gossip Girl: Season 4: The Wrong Goodbye,2/26/2016,6
Gossip Girl: Season 4: Shattered Bass,2/26/2016,6
Gossip Girl: Season 4: The Princesses and the Frog,2/26/2016,6
Gossip Girl: Season 4: Petty in Pink,2/26/2016,6
Gossip Girl: Season 4: The Kids Stay in the Picture,2/26/2016,6
Gossip Girl: Season 4: Empire of the Son,2/26/2016,6
Gossip Girl: Season 4: While You Weren't Sleeping,2/26/2016,6
Gossip Girl: Season 4: It-Girl Happened One Night,2/26/2016,6
Gossip Girl: Season 5: The Jewel of Denial,2/27/2016,7
Gossip Girl: Season 5: Beauty and the Feast,2/27/2016,7
"Gossip Girl: Season 5: Yes, Then Zero",2/27/2016,7
Gossip Girl: Season 5: Memoirs of an Invisible Dan,2/28/2016,1
Gossip Girl: Season 5: The Big Sleep No More,2/29/2016,2
Gossip Girl: Season 5: I Am Number Nine,2/29/2016,2
Gossip Girl: Season 5: The Fasting and the Furious,2/29/2016,2
Gossip Girl: Season 5: Riding in Town Cars With Boys,3/1/2016,3
Gossip Girl: Season 5: Rhodes to Perdition,3/1/2016,3
Gossip Girl: Season 5: All the Pretty Sources,3/1/2016,3
Gossip Girl: Season 5: The End of the Affair?,3/3/2016,5
Fuller House: Season 1: Love Is in the Air,3/4/2016,6
Fuller House: Season 1: Save the Dates,3/4/2016,6
Fuller House: Season 1: Partnerships in the Night,3/4/2016,6
Fuller House: Season 1: A Giant Leap,3/4/2016,6
Gossip Girl: Season 5: Cross Rhodes,3/5/2016,7
"Gossip Girl: Season 5: Crazy, Cupid, Love",3/5/2016,7
Gossip Girl: Season 5: The Backup Dan,3/5/2016,7
Gossip Girl: Season 5: G.G,3/5/2016,7
Gossip Girl: Season 5: Father and the Bride,3/5/2016,7
Gossip Girl: Season 5: Con Heir,3/6/2016,1
Gossip Girl: Season 5: The Princess Dowry,3/6/2016,1
"Gossip Girl: Season 5: It Girl, Interrupted",3/7/2016,2
Gossip Girl: Season 5: Raiders of the Lost Art,3/8/2016,3
Gossip Girl: Season 5: Despicable B,3/8/2016,3
Gossip Girl: Season 5: Salon of the Dead,3/8/2016,3
Lost: Season 1: Tabula Rasa,3/9/2016,4
Gossip Girl: Season 5: The Return of the Ring,3/9/2016,4
Gossip Girl: Season 5: The Fugitives,3/9/2016,4
Gossip Girl: Season 6: High Infidelity,3/10/2016,5
Gossip Girl: Season 6: Gone Maybe Gone,3/10/2016,5
Gossip Girl: Season 6: It's Really Complicated,3/15/2016,3
Gossip Girl: Season 6: Save the Last Chance,3/15/2016,3
Gossip Girl: Season 6: Where the Vile Things Are,3/15/2016,3
Gossip Girl: Season 6: Monstrous Ball,3/15/2016,3
Gossip Girl: Season 6: Portrait of a Lady Alexander,3/15/2016,3
Gossip Girl: Season 6: Dirty Rotten Scandals,3/15/2016,3
"Gossip Girl: Season 6: New York, I Love You, XOXO",3/16/2016,4
Gossip Girl: Season 6: The Revengers,3/16/2016,4
Tiger Eyes,3/22/2016,3
Scrubs: Season 1: My First Day,3/24/2016,5
Glee: Season 3: On My Way,5/22/2016,1
Glee: Season 1: Journey to Regionals,5/22/2016,1
The Sandlot,5/28/2016,7
Everybody's Fine,5/31/2016,3
Click,5/31/2016,3
Serendipity,5/31/2016,3
The Pursuit of Happyness,6/7/2016,3
The Holiday,6/8/2016,4
Just Friends,6/11/2016,7
Mother Goose Club: Season 3: Jump Up and Rhyme With Mother Goose Club,6/19/2016,1
The Office (U.S.): Season 2: The Client,6/27/2016,2
The Office (U.S.): Season 2: Halloween,6/27/2016,2
The Office (U.S.): Season 2: The Secret,6/28/2016,3
The Office (U.S.): Season 2: The Injury,6/28/2016,3
The Office (U.S.): Season 2: Booze Cruise,6/28/2016,3
The Office (U.S.): Season 2: Christmas Party,6/28/2016,3
The Office (U.S.): Season 2: Email Surveillance,6/28/2016,3
The Office (U.S.): Season 2: Performance Review,6/28/2016,3
The Office (U.S.): Season 2: Casino Night,6/30/2016,5
The Office (U.S.): Season 2: Conflict Resolution,6/30/2016,5
The Office (U.S.): Season 2: Drug Testing,6/30/2016,5
The Office (U.S.): Season 2: Michael's Birthday,6/30/2016,5
The Office (U.S.): Season 2: Take Your Daughter to Work Day,6/30/2016,5
The Office (U.S.): Season 2: Dwight's Speech,6/30/2016,5
The Office (U.S.): Season 2: Valentine's Day,6/30/2016,5
The Office (U.S.): Season 2: Boys and Girls,6/30/2016,5
The Office (U.S.): Season 2: The Carpet,6/30/2016,5
The Office (U.S.): Season 3: The Convict,7/1/2016,6
The Office (U.S.): Season 3: The Merger,7/1/2016,6
The Office (U.S.): Season 3: Branch Closing,7/1/2016,6
The Office (U.S.): Season 3: Diwali,7/1/2016,6
The Office (U.S.): Season 3: Initiation,7/1/2016,6
The Office (U.S.): Season 3: Grief Counseling,7/1/2016,6
The Office (U.S.): Season 3: The Coup,7/1/2016,6
The Office (U.S.): Season 3: The Convention,7/1/2016,6
The Office (U.S.): Season 3: Gay Witch Hunt,7/1/2016,6
The Office (U.S.): Season 3: Phyllis's Wedding,7/2/2016,7
The Office (U.S.): Season 3: Ben Franklin,7/2/2016,7
The Office (U.S.): Season 3: The Return,7/2/2016,7
The Office (U.S.): Season 3: Traveling Salesmen,7/2/2016,7
The Office (U.S.): Season 3: Back from Vacation,7/2/2016,7
The Office (U.S.): Season 3: A Benihana Christmas,7/2/2016,7
The Office (U.S.): Season 3: The Negotiation,7/4/2016,2
The Office (U.S.): Season 3: Cocktails,7/4/2016,2
The Office (U.S.): Season 3: Business School,7/4/2016,2
The Office (U.S.): Season 4: Local Ad,7/5/2016,3
The Office (U.S.): Season 4: Money,7/5/2016,3
The Office (U.S.): Season 4: Launch Party,7/5/2016,3
The Office (U.S.): Season 4: Dunder Mifflin Infinity,7/5/2016,3
The Office (U.S.): Season 3: Product Recall,7/5/2016,3
The Office (U.S.): Season 3: Safety Training,7/5/2016,3
Honey,7/6/2016,4
The Office (U.S.): Season 4: Dinner Party,7/6/2016,4
The Office (U.S.): Season 4: The Deposition,7/6/2016,4
The Office (U.S.): Season 4: Survivor Man,7/6/2016,4
The Office (U.S.): Season 4: Branch Wars,7/6/2016,4
The Office (U.S.): Season 4: Job Fair,7/7/2016,5
The Office (U.S.): Season 4: Did I Stutter,7/7/2016,5
The Office (U.S.): Season 4: Night Out,7/7/2016,5
The Office (U.S.): Season 4: The Chair Model,7/7/2016,5
The Office (U.S.): Season 5: The Duel,7/9/2016,7
The Office (U.S.): Season 5: Moroccan Christmas,7/9/2016,7
The Office (U.S.): Season 5: The Surplus,7/9/2016,7
The Office (U.S.): Season 5: Frame Toby,7/9/2016,7
The Office (U.S.): Season 5: Business Trip,7/9/2016,7
The Office (U.S.): Season 5: Customer Survey,7/9/2016,7
The Office (U.S.): Season 5: Employee Transfer,7/9/2016,7
The Office (U.S.): Season 5: Crime Aid,7/9/2016,7
The Office (U.S.): Season 5: Baby Shower,7/9/2016,7
The Office (U.S.): Season 5: Business Ethics,7/9/2016,7
Flicka: Country Pride,7/10/2016,1
The Office (U.S.): Season 5: Blood Drive,7/10/2016,1
The Office (U.S.): Season 5: Lecture Circuit: Part 2,7/10/2016,1
The Office (U.S.): Season 5: Lecture Circuit: Part 1,7/10/2016,1
The Office (U.S.): Season 5: Prince Family Paper,7/10/2016,1
The Office (U.S.): Season 5: New Boss,7/11/2016,2
The Office (U.S.): Season 5: Golden Ticket,7/11/2016,2
The Office (U.S.): Season 5: Dream Team,7/12/2016,3
The Office (U.S.): Season 5: Two Weeks,7/12/2016,3
The Office (U.S.): Season 6: Niagara: Part 1,7/13/2016,4
The Office (U.S.): Season 6: The Promotion,7/13/2016,4
The Office (U.S.): Season 6: The Meeting,7/13/2016,4
The Office (U.S.): Season 6: Gossip,7/13/2016,4
The Office (U.S.): Season 5: Company Picnic,7/13/2016,4
The Office (U.S.): Season 5: Cafe Disco,7/13/2016,4
The Office (U.S.): Season 5: Casual Friday,7/13/2016,4
The Office (U.S.): Season 5: Broke,7/13/2016,4
The Office (U.S.): Season 5: Heavy Competition,7/13/2016,4
The Office (U.S.): Season 5: Michael Scott Paper Company,7/13/2016,4
Private Practice: Season 6: The Next Episode,7/14/2016,5
Private Practice: Season 6: You Don't Know What You've Got Till It's Gone,7/14/2016,5
The Office (U.S.): Season 6: Double Date,7/14/2016,5
The Office (U.S.): Season 6: Koi Pond,7/14/2016,5
The Office (U.S.): Season 6: The Lover,7/14/2016,5
The Office (U.S.): Season 6: Mafia,7/14/2016,5
The Office (U.S.): Season 6: Manager and the Salesman,7/17/2016,1
The Office (U.S.): Season 6: Sabre,7/17/2016,1
The Office (U.S.): Season 6: The Banker,7/17/2016,1
The Office (U.S.): Season 6: Secret Santa,7/17/2016,1
The Office (U.S.): Season 6: Scott's Tots,7/17/2016,1
Private Practice: Season 6: Apron Strings,7/17/2016,1
The Office (U.S.): Season 6: Shareholder Meeting,7/17/2016,1
The Office (U.S.): Season 6: Murder,7/17/2016,1
The Office (U.S.): Season 6: Happy Hour,7/18/2016,2
The Office (U.S.): Season 6: New Leads,7/18/2016,2
The Office (U.S.): Season 6: Secretary's Day,7/19/2016,3
The Office (U.S.): Season 6: Whistleblower,7/20/2016,4
The Office (U.S.): Season 6: The Chump,7/20/2016,4
The Office (U.S.): Season 6: The Cover-Up,7/20/2016,4
The Office (U.S.): Season 6: Body Language,7/20/2016,4
The Office (U.S.): Season 7: Counseling,7/21/2016,5
The Office (U.S.): Season 7: Nepotism,7/21/2016,5
The Adventures of Food Boy,7/21/2016,5
The Office (U.S.): Season 7: Costume Contest,7/22/2016,6
The Office (U.S.): Season 7: Sex Ed,7/22/2016,6
The Office (U.S.): Season 7: Andy's Play,7/22/2016,6
The Office (U.S.): Season 7: PDA,7/23/2016,7
The Office (U.S.): Season 7: The Search,7/23/2016,7
The Office (U.S.): Season 7: The Seminar,7/23/2016,7
The Office (U.S.): Season 7: Ultimatum,7/23/2016,7
The Office (U.S.): Season 7: Classy Christmas: Part 2,7/23/2016,7
The Office (U.S.): Season 7: Classy Christmas: Part 1,7/23/2016,7
The Office (U.S.): Season 7: China,7/23/2016,7
The Office (U.S.): Season 7: WUPHF.com,7/23/2016,7
The Office (U.S.): Season 7: Viewing Party,7/23/2016,7
The Office (U.S.): Season 7: Search Committee: Part 1,7/24/2016,1
"The Office (U.S.): Season 7: Dwight K. Schrute, (Acting) Manager",7/24/2016,1
The Office (U.S.): Season 7: The Inner Circle,7/24/2016,1
"The Office (U.S.): Season 7: Goodbye, Michael",7/24/2016,1
The Office (U.S.): Season 7: Michael's Last Dundies,7/24/2016,1
The Office (U.S.): Season 7: Training Day,7/24/2016,1
The Office (U.S.): Season 7: Garage Sale,7/24/2016,1
The Office (U.S.): Season 7: Todd Packer,7/24/2016,1
The Office (U.S.): Season 7: Threat Level Midnight,7/24/2016,1
The Office (U.S.): Season 7: Search Committee: Part 2,7/25/2016,2
The Office (U.S.): Season 8: Christmas Wishes,7/26/2016,3
The Office (U.S.): Season 8: Mrs. California,7/26/2016,3
The Office (U.S.): Season 8: Gettysburg,7/26/2016,3
The Office (U.S.): Season 8: Pam's Replacement,7/26/2016,3
The Office (U.S.): Season 8: Doomsday,7/26/2016,3
The Office (U.S.): Season 8: Spooked,7/26/2016,3
The Office (U.S.): Season 8: Garden Party,7/26/2016,3
The Office (U.S.): Season 8: Lotto,7/26/2016,3
The Office (U.S.): Season 8: The Incentive,7/26/2016,3
The Office (U.S.): Season 8: The List,7/26/2016,3
The Office (U.S.): Season 9: Work Bus,7/27/2016,4
The Office (U.S.): Season 9: Andy's Ancestry,7/27/2016,4
The Office (U.S.): Season 9: Roy's Wedding,7/27/2016,4
The Office (U.S.): Season 9: New Guys,7/27/2016,4
The Office (U.S.): Season 8: Free Family Portrait Studio,7/27/2016,4
The Office (U.S.): Season 8: Turf War,7/27/2016,4
The Office (U.S.): Season 8: Fundraiser,7/27/2016,4
The Office (U.S.): Season 8: Angry Andy,7/27/2016,4
The Office (U.S.): Season 8: Welcome Party,7/27/2016,4
The Office (U.S.): Season 8: Get the Girl,7/27/2016,4
The Office (U.S.): Season 8: Last Day in Florida,7/27/2016,4
The Office (U.S.): Season 8: Test the Store,7/27/2016,4
The Office (U.S.): Season 8: After Hours,7/27/2016,4
The Office (U.S.): Season 8: Tallahassee,7/27/2016,4
The Office (U.S.): Season 8: Special Project,7/27/2016,4
The Office (U.S.): Season 8: Jury Duty,7/27/2016,4
The Office (U.S.): Season 8: Pool Party,7/27/2016,4
The Office (U.S.): Season 8: Trivia,7/27/2016,4
The Office (U.S.): Season 9: A.A.R.M,7/28/2016,5
The Office (U.S.): Season 9: Livin' the Dream,7/28/2016,5
The Office (U.S.): Season 9: Paper Airplane,7/28/2016,5
The Office (U.S.): Season 9: Stairmageddon,7/28/2016,5
The Office (U.S.): Season 9: Promos,7/28/2016,5
The Office (U.S.): Season 9: The Farm,7/28/2016,5
The Office (U.S.): Season 9: Moving On,7/28/2016,5
The Office (U.S.): Season 9: Couple's Discount,7/28/2016,5
The Office (U.S.): Season 9: Vandalism,7/28/2016,5
The Office (U.S.): Season 9: Junior Salesman,7/28/2016,5
The Office (U.S.): Season 9: Customer Loyalty,7/28/2016,5
The Office (U.S.): Season 9: Suit Warehouse,7/28/2016,5
The Office (U.S.): Season 9: Lice,7/28/2016,5
The Office (U.S.): Season 9: Dwight Christmas,7/28/2016,5
The Office (U.S.): Season 9: The Target,7/28/2016,5
The Office (U.S.): Season 9: The Whale,7/28/2016,5
The Office (U.S.): Season 9: The Boat,7/28/2016,5
The Office (U.S.): Season 9: Here Comes Treble,7/28/2016,5
The Last Five Years,8/2/2016,3
Raising Izzie,8/3/2016,4
Cowgirls 'n Angels 2: Dakota's Summer,8/4/2016,5
A Gift Horse,8/6/2016,7
Rodeo Girl,8/7/2016,1
Once I Was a Beehive,8/10/2016,4
Project McÂ²: Part 2: Mission Totally Possible,8/12/2016,6
Project McÂ²: Part 2: Dam Fine Mess,8/12/2016,6
Project McÂ²: Part 2: Trashed,8/12/2016,6
Project McÂ²: Part 2: No Laughing Matter,8/12/2016,6
Project McÂ²: Part 2: Back to Basics,8/12/2016,6
One Tree Hill: Season 1: Hanging by a Moment,8/15/2016,2
One Tree Hill: Season 1: Crash Course in Polite Conversations,8/15/2016,2
One Tree Hill: Season 1: The Living Years,8/15/2016,2
One Tree Hill: Season 1: You Gotta Go There to Come Back,8/15/2016,2
One Tree Hill: Season 1: With Arms Outstretched,8/15/2016,2
One Tree Hill: Season 1: The Search for Something More,8/15/2016,2
One Tree Hill: Season 1: Life in a Glass House,8/15/2016,2
One Tree Hill: Season 1: Every Night Is Another Story,8/15/2016,2
One Tree Hill: Season 1: All That You Can't Leave Behind,8/15/2016,2
One Tree Hill: Season 1: Crash into You,8/15/2016,2
One Tree Hill: Season 1: Are You True?,8/15/2016,2
One Tree Hill: Season 2: I Will Dare,8/16/2016,3
One Tree Hill: Season 2: You Can't Always Get What You Want,8/16/2016,3
One Tree Hill: Season 2: Near Wild Heaven,8/16/2016,3
One Tree Hill: Season 2: The Truth Doesn't Make a Noise,8/16/2016,3
One Tree Hill: Season 2: The Desperate Kingdom of Love,8/16/2016,3
One Tree Hill: Season 1: The Games that Play Us,8/16/2016,3
One Tree Hill: Season 1: The Leaving Song,8/16/2016,3
One Tree Hill: Season 1: What is and What Should Never Be,8/16/2016,3
One Tree Hill: Season 1: How Can You be Sure?,8/16/2016,3
One Tree Hill: Season 1: To Wish Impossible Things,8/16/2016,3
One Tree Hill: Season 1: Spirit in the Night,8/16/2016,3
One Tree Hill: Season 1: The First Cut is the Deepest,8/16/2016,3
One Tree Hill: Season 1: Suddenly Everything Has Changed,8/16/2016,3
One Tree Hill: Season 1: I Shall Believe,8/16/2016,3
One Tree Hill: Season 2: The Heart Brings You Back,8/17/2016,4
One Tree Hill: Season 2: Don't Take Me for Granted,8/17/2016,4
One Tree Hill: Season 2: The Trick is to Keep Breathing,8/17/2016,4
"One Tree Hill: Season 2: Truth, Bitter Truth",8/17/2016,4
One Tree Hill: Season 2: Let the Reigns go Loose,8/17/2016,4
One Tree Hill: Season 2: We Might as Well Be Strangers,8/17/2016,4
One Tree Hill: Season 3: From the Edge of the Deep Green Sea,8/18/2016,5
One Tree Hill: Season 3: Like You Like an Arsonist,8/18/2016,5
One Tree Hill: Season 2: The Leavers Dance,8/18/2016,5
One Tree Hill: Season 2: The Tide that Left and Never Came Back,8/18/2016,5
One Tree Hill: Season 2: What Could Have Been,8/18/2016,5
One Tree Hill: Season 2: Lifetime Piling Up,8/18/2016,5
"One Tree Hill: Season 2: I'm Wide Awake, It's Morning",8/18/2016,5
One Tree Hill: Season 2: The Lonesome Road,8/18/2016,5
One Tree Hill: Season 2: Something I can Never Have,8/18/2016,5
One Tree Hill: Season 2: Somewhere a Clock is Ticking,8/18/2016,5
One Tree Hill: Season 2: Unopened Letters to the World,8/18/2016,5
One Tree Hill: Season 2: Quiet Things that no one ever Knows,8/18/2016,5
One Tree Hill: Season 2: The Hero Dies in this One,8/18/2016,5
One Tree Hill: Season 2: Between Order and Randomness,8/18/2016,5
"One Tree Hill: Season 3: Champagne for My Real Friends, Real Pain for My Sham Friends",8/19/2016,6
One Tree Hill: Season 3: Locked Hearts and Hand Grenades,8/19/2016,6
One Tree Hill: Season 3: A Multitude of Casualties,8/19/2016,6
One Tree Hill: Season 3: An Attempt to Tip the Scales,8/19/2016,6
One Tree Hill: Season 3: First Day on a Brand New Planet,8/19/2016,6
One Tree Hill: Season 3: The Wind that Blew My Heart Away,8/20/2016,7
One Tree Hill: Season 3: I've Got Dreams to Remember,8/20/2016,7
One Tree Hill: Season 3: Return of the Future,8/20/2016,7
One Tree Hill: Season 3: Brave New World,8/20/2016,7
One Tree Hill: Season 3: How a Resurrection Really Feels,8/20/2016,7
One Tree Hill: Season 3: The Worst Day Since Yesterday,8/20/2016,7
One Tree Hill: Season 3: I Slept with Someone in Fall Out Boy and All I Got Was This Stupid Song Written About Me,8/21/2016,1
One Tree Hill: Season 3: When It Isn't Like It Should Be,8/21/2016,1
One Tree Hill: Season 3: Just Watch the Fireworks,8/21/2016,1
One Tree Hill: Season 3: All Tomorrow's Parties,8/21/2016,1
One Tree Hill: Season 3: Everyday is a Sunday Evening,8/22/2016,2
One Tree Hill: Season 3: The Show Must Go On,8/23/2016,3
One Tree Hill: Season 3: Over the Hills and Far Away,8/23/2016,3
One Tree Hill: Season 4: Things I Forgot at Birth,8/24/2016,4
One Tree Hill: Season 4: The Same Deep Water as You,8/24/2016,4
One Tree Hill: Season 4: Good News for People Who Love Bad News,8/25/2016,5
One Tree Hill: Season 4: Nothing Left To Say but Goodbye,8/27/2016,7
One Tree Hill: Season 4: All These Things That I've Done,8/27/2016,7
One Tree Hill: Season 4: Where Did You Sleep Last Night,8/27/2016,7
One Tree Hill: Season 4: I Love You but I've Chosen Darkness,8/27/2016,7
One Tree Hill: Season 4: Can't Stop This Thing We Started,8/27/2016,7
One Tree Hill: Season 4: Ashes of Dreams You Let Die,8/28/2016,1
One Tree Hill: Season 4: The Runaway Found,8/28/2016,1
One Tree Hill: Season 4: It Gets The Worst at Night,8/28/2016,1
"One Tree Hill: Season 4: You Call it Madness, but I Call It Love",8/28/2016,1
One Tree Hill: Season 4: Prom Night at Hater High,8/28/2016,1
One Tree Hill: Season 4: Sad Songs for Dirty Lovers,8/28/2016,1
One Tree Hill: Season 4: Pictures of You,8/28/2016,1
One Tree Hill: Season 4: Resolve,8/28/2016,1
One Tree Hill: Season 4: Everything in its Right Place,8/28/2016,1
One Tree Hill: Season 4: Songs to Love and Die By,8/28/2016,1
One Tree Hill: Season 4: Some You Give Away,8/28/2016,1
"One Tree Hill: Season 5: 4 Years, 6 Months, 2 Days",8/29/2016,2
One Tree Hill: Season 4: All of a Sudden I Miss Everyone,8/29/2016,2
One Tree Hill: Season 4: The Birth and Death of the Day,8/29/2016,2
One Tree Hill: Season 5: I Forgot to Remember to Forget,8/30/2016,3
One Tree Hill: Season 5: It's Alright Ma (I'm Only Bleeding),8/30/2016,3
One Tree Hill: Season 5: My Way Home Is Through You,8/30/2016,3
One Tree Hill: Season 5: Racing Like a Pro,8/30/2016,3
One Tree Hill: Season 5: In da Club,8/31/2016,4
One Tree Hill: Season 5: Don't Dream It's Over,8/31/2016,4
One Tree Hill: Season 5: For Tonight You're Only Here to Know,9/1/2016,5
"One Tree Hill: Season 5: Please, Please, Please, Let Me Get What I Want",9/1/2016,5
One Tree Hill: Season 5: Running to Stand Still,9/2/2016,6
One Tree Hill: Season 5: What Do You Go Home To?,9/3/2016,7
"One Tree Hill: Season 5: Echoes, Silence, Patience, and Grace",9/3/2016,7
One Tree Hill: Season 5: Hundred,9/3/2016,7
One Tree Hill: Season 5: You're Gonna Need Someone on Your Side,9/3/2016,7
One Tree Hill: Season 6: Get Cape. Wear Cape. Fly,9/4/2016,1
One Tree Hill: Season 6: One Million Billionth of a Millisecond on a Sunday Morning,9/4/2016,1
One Tree Hill: Season 6: Touch Me I'm Going to Scream: Part 1,9/4/2016,1
One Tree Hill: Season 5: What Comes After the Blues,9/4/2016,1
One Tree Hill: Season 5: Hate Is Safer Than Love,9/4/2016,1
One Tree Hill: Season 5: Cryin' Won't Help You Now,9/4/2016,1
One Tree Hill: Season 5: Life Is Short,9/4/2016,1
One Tree Hill: Season 6: You Have To Be Joking (Autopsy of the Devil's Brain),9/5/2016,2
"One Tree Hill: Season 6: We Three (My Echo, My Shadow and Me)",9/5/2016,2
One Tree Hill: Season 6: Even Fairy Tale Characters Would Be Jealous,9/5/2016,2
One Tree Hill: Season 6: Sympathy for the Devil,9/5/2016,2
One Tree Hill: Season 6: Our Life is Not a Movie or Maybe,9/5/2016,2
One Tree Hill: Season 6: Messin' with the Kid,9/5/2016,2
One Tree Hill: Season 6: Choosing My Own Way of Life,9/5/2016,2
"One Tree Hill: Season 6: You've Dug Your Own Grave, Now Lie In It",9/5/2016,2
One Tree Hill: Season 6: Bridge Over Troubled Water,9/5/2016,2
"One Tree Hill: Season 6: We Change, We Wait",9/6/2016,3
One Tree Hill: Season 6: A Hand to Take Hold of the Scene,9/6/2016,3
One Tree Hill: Season 6: Things a Mama Don't Know,9/6/2016,3
One Tree Hill: Season 6: Screenwriter's Blues,9/7/2016,4
One Tree Hill: Season 6: I Would For You,9/8/2016,5
One Tree Hill: Season 6: Letting Go,9/8/2016,5
One Tree Hill: Season 6: Searching for a Former Clarity,9/8/2016,5
One Tree Hill: Season 6: You and Me and the Bottle Makes Three Tonight,9/8/2016,5
One Tree Hill: Season 6: Show Me How to Live,9/9/2016,6
One Tree Hill: Season 6: A Kiss to Build a Dream On,9/9/2016,6
One Tree Hill: Season 7: 4:30 AM (Apparently They Were Traveling Abroad),9/10/2016,7
One Tree Hill: Season 6: Remember Me as a Time of Day,9/10/2016,7
One Tree Hill: Season 6: Forever and Almost Always,9/10/2016,7
Supergirl: Season 1: Pilot,9/11/2016,1
One Tree Hill: Season 7: Hold My Hand As I'm Lowered,9/11/2016,1
One Tree Hill: Season 7: What Are You Willing to Lose,9/11/2016,1
One Tree Hill: Season 7: Your Cheatin' Heart,9/12/2016,2
"One Tree Hill: Season 7: Believe Me, I'm Lying",9/12/2016,2
One Tree Hill: Season 7: I and Love and You,9/13/2016,3
One Tree Hill: Season 7: Deep Ocean Vast Sea,9/13/2016,3
One Tree Hill: Season 7: You Are a Runner and I Am My Father's Son,9/14/2016,4
One Tree Hill: Season 7: Now You Lift Your Eyes to the Sun,9/14/2016,4
One Tree Hill: Season 7: I Just Died in Your Arms Tonight,9/14/2016,4
One Tree Hill: Season 7: Some Roads Lead Nowhere,9/15/2016,5
"One Tree Hill: Season 7: You Know I Love You, Don't You",9/15/2016,5
One Tree Hill: Season 7: Weeks Go By Like Days,9/16/2016,6
One Tree Hill: Season 7: Don't You Forget About Me,9/17/2016,7
One Tree Hill: Season 7: Family Affair,9/17/2016,7
"One Tree Hill: Season 8: I Can't See You, But I Know You're There",9/18/2016,1
One Tree Hill: Season 8: Asleep at Heaven's Gate,9/18/2016,1
One Tree Hill: Season 7: Almost Everything I Wish I'd Said the Last Time I Saw You,9/18/2016,1
One Tree Hill: Season 7: What's in the Ground Belongs to You,9/18/2016,1
One Tree Hill: Season 7: Learning to Fall,9/18/2016,1
One Tree Hill: Season 7: Every Picture Tells a Story,9/18/2016,1
One Tree Hill: Season 7: The Last Day of Our Acquaintance,9/18/2016,1
One Tree Hill: Season 7: At the Bottom of Everything,9/18/2016,1
One Tree Hill: Season 7: My Attendance Is Bad but My Intentions Are Good,9/18/2016,1
One Tree Hill: Season 8: We All Fall Down,9/19/2016,2
One Tree Hill: Season 8: The Space in Between,9/19/2016,2
One Tree Hill: Season 8: Mouthful of Diamonds,9/20/2016,3
One Tree Hill: Season 8: Luck Be a Lady,9/20/2016,3
One Tree Hill: Season 8: Not Afraid,9/20/2016,3
One Tree Hill: Season 8: Nobody Taught Us to Quit,9/20/2016,3
"One Tree Hill: Season 8: Lists, Plans",9/21/2016,4
One Tree Hill: Season 8: Between Raising Hell and Amazing Grace,9/21/2016,4
One Tree Hill: Season 8: Holding Out for a Hero,9/22/2016,5
One Tree Hill: Season 8: The Other Half of Me,9/22/2016,5
One Tree Hill: Season 8: The Drinks We Drank Last Night,9/22/2016,5
One Tree Hill: Season 8: Valentine's Day Is Over,9/23/2016,6
One Tree Hill: Season 8: I Think I'm Gonna Like It Here,9/24/2016,7
"One Tree Hill: Season 9: Know This, We've Noticed",9/25/2016,1
"One Tree Hill: Season 8: This Is My House, This Is My Home",9/25/2016,1
"One Tree Hill: Season 8: Flightless Bird, American Mouth",9/25/2016,1
One Tree Hill: Season 8: The Man Who Sailed Around His Soul,9/25/2016,1
One Tree Hill: Season 8: Where Not to Look for Freedom,9/25/2016,1
One Tree Hill: Season 8: Quiet Little Voices,9/25/2016,1
"One Tree Hill: Season 8: The Smoker You Drink, the Player You Get",9/25/2016,1
One Tree Hill: Season 9: Love The Way You Lie,9/26/2016,2
One Tree Hill: Season 9: In the Room Where You Sleep,9/26/2016,2
One Tree Hill: Season 9: Catastrophe and the Cure,9/27/2016,3
One Tree Hill: Season 9: The Killing Moon,9/27/2016,3
One Tree Hill: Season 9: Don't You Want to Share The Guilt?,9/27/2016,3
One Tree Hill: Season 9: A Rush of Blood to the Head,9/28/2016,4
One Tree Hill: Season 9: Last Known Surroundings,9/28/2016,4
One Tree Hill: Season 9: Anyone Who Had a Heart,9/30/2016,6
One Tree Hill: Season 9: Danny Boy,9/30/2016,6
"One Tree Hill: Season 9: Hardcore Will Never Die, But You Will",9/30/2016,6
One Tree Hill: Season 9: Every Breath Is a Bomb,9/30/2016,6
Grease: Live,10/1/2016,7
RV,10/9/2016,1
Project McÂ²: Part 3: Gummying Up The Works,10/19/2016,4
Project McÂ²: Part 3: Finding Maddy,10/19/2016,4
Project McÂ²: Part 3: Ear Today. Gone Tomorrow,10/21/2016,6
Project McÂ²: Part 3: Simon Sayz,10/21/2016,6
Project McÂ²: Part 3: One Track Mind,10/21/2016,6
Project McÂ²: Part 3: Crate Expectations,10/21/2016,6
Glee: Season 4: Shooting Star,11/5/2016,7
The Lizzie McGuire Movie,11/22/2016,3
Sky High,11/22/2016,3
Gilmore Girls: A Year in the Life: Limited Series: Winter,11/25/2016,6
Fuller House: Season 2: Happy New Year Baby,12/17/2016,7
Fuller House: Season 2: Nutcrackers,12/17/2016,7
Fuller House: Season 2: DJ and Kimmy's High School Reunion,12/17/2016,7
Fuller House: Season 2: New Kids in the House,12/17/2016,7
Fuller House: Season 2: Glazed & Confused,12/17/2016,7
Fuller House: Season 2: A Tangled Web,12/17/2016,7
Fuller House: Season 2: Girl Talk,12/17/2016,7
Fuller House: Season 2: Fuller Thanksgiving,12/17/2016,7
Fuller House: Season 2: Doggy Daddy,12/17/2016,7
Fuller House: Season 2: Curse of Tanner Manor,12/17/2016,7
Fuller House: Season 2: Ramona's Not-So-Epic First Kiss,12/17/2016,7
Fuller House: Season 2: Mom Interference,12/17/2016,7
Fuller House: Season 2: Welcome Back,12/17/2016,7
Step Up,12/18/2016,1
Snow Day,12/18/2016,1
Lost: Season 1: Pilot: Part 2,12/27/2016,3
Lost: Season 1: Pilot: Part 1,12/27/2016,3
Walt Disney Animation Studios Short Films Collection,12/31/2016,7
Orange Is the New Black: Season 1: I Wasn't Ready,1/20/2017,6
 : Episode 22,1/29/2017,1
 : Episode 21,1/29/2017,1
 : Episode 20,1/29/2017,1
Chasing Life: Season 1: Guess Who's Coming to Donate,2/4/2017,7
Chasing Life: Season 1: Next April,2/4/2017,7
Chasing Life: Season 1: Locks of Love,2/4/2017,7
Chasing Life: Season 1: Finding Chemo,2/4/2017,7
Chasing Life: Season 1: What to Expect When You're Expecting Chemo,2/4/2017,7
Chasing Life: Season 1: Death Becomes Her,2/4/2017,7
Chasing Life: Season 1: Unplanned Parenthood,2/4/2017,7
"Chasing Life: Season 1: Clear Minds, Full Lives, Can't Eat",2/4/2017,7
Chasing Life: Season 1: The Family That Lies Together,2/4/2017,7
Chasing Life: Season 1: I'll Sleep When I'm Dead,2/4/2017,7
Chasing Life: Season 1: Blood Cancer Sex Carrots,2/4/2017,7
Chasing Life: Season 1: Help Wanted,2/4/2017,7
Chasing Life: Season 1: Pilot,2/4/2017,7
 ,2/4/2017,7
Chasing Life: Season 1: Cancer Friends with Benefits,2/5/2017,1
Chasing Life: Season 1: April Just Wants to Have Fun,2/11/2017,7
Fantastic Four,2/12/2017,1
Cristela Alonzo: Lower Classy,2/15/2017,4
DC's Legends of Tomorrow: Season 2: Aruba,4/22/2017,7
DC's Legends of Tomorrow: Season 2: Doomworld,4/22/2017,7
DC's Legends of Tomorrow: Season 2: Fellowship of the Spear,4/22/2017,7
"Hello Sister, Goodbye Life",4/29/2017,7
 : Episode 2,4/29/2017,7
 : Episode 1,4/29/2017,7
Remember Me,4/30/2017,1
 : Episode 3,5/2/2017,3
Baby Daddy: Season 4: Wheeler War,5/16/2017,3
Baby Daddy: Season 1: Pilot,5/21/2017,1
Parenthood: Season 4: Left Field,5/26/2017,6
Parenthood: Season 3: My Brother's Wedding,5/26/2017,6
Parenthood: Season 4: Family Portrait,5/27/2017,7
Parenthood: Season 4: The Talk,5/27/2017,7
Parenthood: Season 4: Everything Is Not Okay,5/27/2017,7
Flicka 2,5/29/2017,2
Baby Daddy: Season 1: The Nurse and the Curse,5/29/2017,2
Baby Daddy: Season 1: I Told You So,5/29/2017,2
The Secret Life of the American Teenager: Season 1: You Are My Everything,6/4/2017,1
The Secret Life of the American Teenager: Season 1: Falling in Love,6/4/2017,1
One Tree Hill: Season 3: Who Will Survive and What Will Be Left of Them,6/5/2017,2
"One Tree Hill: Season 3: With Tired Eyes, Tired Minds, Tired Souls, We Slept",6/5/2017,2
Parenthood: Season 6: May God Bless and Keep You Always,6/5/2017,2
Parenthood: Season 1: Pilot,6/5/2017,2
One Tree Hill: Season 9: One Tree Hill,6/5/2017,2
One Tree Hill: Season 1: Pilot,6/5/2017,2
One Tree Hill: Season 1: The Places You Have Come to Fear the Most,6/5/2017,2
One Day at a Time: Season 1: Sex Talk,6/6/2017,3
One Day at a Time: Season 1: Viva Cuba,6/6/2017,3
One Day at a Time: Season 1: One Lie at a Time,6/6/2017,3
"One Day at a Time: Season 1: Hold, Please",6/6/2017,3
One Day at a Time: Season 1: The Death of Mrs. Resnick,6/6/2017,3
One Day at a Time: Season 1: Strays,6/6/2017,3
One Day at a Time: Season 1: A Snowman's Tale,6/6/2017,3
One Tree Hill: Season 8: Darkness on the Edge of Town,6/6/2017,3
One Day at a Time: Season 1: Quinces,6/7/2017,4
One Day at a Time: Season 1: Hurricane Victor,6/7/2017,4
One Day at a Time: Season 1: Pride & Prejudice,6/7/2017,4
The Secret Life of the American Teenager: Season 1: I Feel Sick,6/17/2017,7
Baby Daddy: Season 6: Daddy's Girl,6/28/2017,4
Pretty Little Liars: Season 1: Pilot,6/29/2017,5
1 Chance 2 Dance,7/8/2017,7
The Wonder Years: Season 1: Pilot,7/8/2017,7
The Wonder Years: Season 1: Swingers,7/18/2017,3
StarStruck,7/19/2017,4
Lemonade Mouth,7/20/2017,5
Geek Charming,7/20/2017,5
Princess Protection Program,7/20/2017,5
The Standoff,7/21/2017,6
Lab Rats: Season 1: Commando App,7/24/2017,2
"Lab Rats: Season 1: Crush, Chop & Burn: Pt. 2",7/24/2017,2
"Lab Rats: Season 1: Crush, Chop & Burn: Pt. 1",7/24/2017,2
Coin Heist,7/24/2017,2
The Hunters,7/25/2017,3
Lab Rats: Season 1: Exoskeleton vs. Grandma,7/25/2017,3
Lab Rats: Season 1: Smart and Smarter,7/25/2017,3
Lab Rats: Season 1: Rats on a Train,7/25/2017,3
Lab Rats: Season 1: Leo's Jam,7/25/2017,3
1 Mile to You,7/26/2017,4
Waiting for Forever,7/28/2017,6
Phineas and Ferb: Season 1: The Fast and the Phineas / Lawn Gnome Beach Party of Terror!,7/28/2017,6
Phineas and Ferb: Season 1: Rollercoaster / Candace Loses Her Head,7/28/2017,6
Lab Rats: Season 1: Bionic Birthday Fail,7/28/2017,6
Dancin': It's On!,7/28/2017,6
Phineas and Ferb: Season 2: The Baljeatles / Vanessassary Roughness,7/28/2017,6
Phineas and Ferb: Season 2: Hide and Seek / That Sinking Feeling,7/28/2017,6
"Phineas and Ferb: Season 2: Oh, There You Are, Perry / Swiss Family Phineas",7/28/2017,6
Phineas and Ferb: Season 2: Let's Take a Quiz / At the Car Wash,7/28/2017,6
Phineas and Ferb: Season 2: Thaddeus and Thor / De Plane! De Plane!,7/28/2017,6
Phineas and Ferb: Season 2: The Chronicles of Meap: Parts 1 & 2,7/28/2017,6
Phineas and Ferb: Season 2: Phineas and Ferb Christmas Vacation!,7/28/2017,6
Phineas and Ferb: Season 3: Meapless in Seattle,7/28/2017,6
Phineas and Ferb: Season 3: Agent Doof / Phineas and Ferb and the Temple of Juatchadoon,7/28/2017,6
Phineas and Ferb: Season 4: Phineas And Ferb Save Summer Part II (Part 2 Of 2),7/28/2017,6
Phineas and Ferb: Season 4: Phineas And Ferb Save Summer Part I (Part 1 Of 2),7/28/2017,6
Project McÂ²: Part 4: A Royal Pain,7/28/2017,6
Lab Rats: Season 1: Air Leo,7/31/2017,2
"Lab Rats: Season 1: Dude, Where's My Lab?",7/31/2017,2
Lab Rats: Season 1: Chore Wars,7/31/2017,2
Phineas and Ferb: Season 4: Act Your Age (Part 1 And 2),7/31/2017,2
Lab Rats: Season 1: Drone Alone,7/31/2017,2
Lab Rats: Season 1: Chip Switch,7/31/2017,2
Lab Rats: Season 1: Back from the Future,7/31/2017,2
Lab Rats: Season 1: Can I Borrow the Helicopter?,7/31/2017,2
Lab Rats: Season 1: Death Spiral Smackdown,7/31/2017,2
